{"btcinr":{"base_unit":"btc","quote_unit":"inr","low":"4252111.0","high":"4559000.0","last":"4327597.0","type":"SPOT","open":4490826.0,"volume":"810.19414","sell":"4324559.0","buy":"4322729.0","at":1620195158,"name":"BTC/INR"},"xrpinr":{"base_unit":"xrp","quote_unit":"inr","low":"108.0","high":"123.0104","last":"112.398","type":"SPOT","open":118.98,"volume":"3284520.3","sell":"112.3697","buy":"111.84","at":1620195158,"name":"XRP/INR"},"ethinr":{"base_unit":"eth","quote_unit":"inr","low":"252000.0","high":"276589.0","last":"257500.0","type":"SPOT","open":271000.0,"volume":"3495.6769","sell":"257500.4","buy":"257500.0","at":1620195158,"name":"ETH/INR"},"trxinr":{"base_unit":"trx","quote_unit":"inr","low":"9.55","high":"10.45","last":"9.67","type":"SPOT","open":10.13,"volume":"22719253.0","sell":"9.66","buy":"9.65","at":1620195158,"name":"TRX/INR"},"eosinr":{"base_unit":"eos","quote_unit":"inr","low":"500.19","high":"589.0","last":"574.5","type":"SPOT","open":512.99,"volume":"49669.2","sell":"574.5","buy":"574.04","at":1620195158,"name":"EOS/INR"},"zilinr":{"base_unit":"zil","quote_unit":"inr","low":"15.5","high":"16.89","last":"15.52","type":"SPOT","open":16.28,"volume":"1877310.0","sell":"15.67","buy":"15.52","at":1620195158,"name":"ZIL/INR"},"batinr":{"base_unit":"bat","quote_unit":"inr","low":"92.6","high":"99.846","last":"95.0","type":"SPOT","open":99.834,"volume":"127112.08","sell":"95.7","buy":"95.0","at":1620195158,"name":"BAT/INR"},"zrxinr":{"base_unit":"zrx","quote_unit":"inr","low":"133.02","high":"146.82","last":"138.5","type":"SPOT","open":143.5,"volume":"27323.22","sell":"138.48","buy":"138.24","at":1620195158,"name":"ZRX/INR"},"omginr":{"base_unit":"omg","quote_unit":"inr","low":"694.956","high":"829.0","last":"788.666","type":"SPOT","open":709.0,"volume":"101540.19","sell":"785.0","buy":"780.0","at":1620195158,"name":"OMG/INR"},"iostinr":{"base_unit":"iost","quote_unit":"inr","low":"4.44","high":"4.98","last":"4.57","type":"SPOT","open":4.96,"volume":"5631514.0","sell":"4.57","buy":"4.56","at":1620195158,"name":"IOST/INR"},"dentinr":{"base_unit":"dent","quote_unit":"inr","low":"0.721","high":"0.832","last":"0.755","type":"SPOT","open":0.832,"volume":"149815410.0","sell":"0.754","buy":"0.753","at":1620195158,"name":"DENT/INR"},"hotinr":{"base_unit":"hot","quote_unit":"inr","low":"1.06","high":"1.188","last":"1.09","type":"SPOT","open":1.185,"volume":"65504716.0","sell":"1.09","buy":"1.086","at":1620195158,"name":"HOT/INR"},"usdtinr":{"base_unit":"usdt","quote_unit":"inr","low":"78.1","high":"81.27","last":"78.98","type":"SPOT","open":79.94,"volume":"32413260.98","sell":"78.8","buy":"78.79","at":1620195159,"name":"USDT/INR"},"wrxinr":{"base_unit":"wrx","quote_unit":"inr","low":"184.0","high":"215.12","last":"187.1","type":"SPOT","open":205.32,"volume":"4435030.9","sell":"187.0","buy":"186.91","at":1620195159,"name":"WRX/INR"},"maticinr":{"base_unit":"matic","quote_unit":"inr","low":"55.5","high":"63.638","last":"57.0","type":"SPOT","open":62.6,"volume":"4046916.0","sell":"57.002","buy":"57.0","at":1620195159,"name":"MATIC/INR"},"bchinr":{"base_unit":"bch","quote_unit":"inr","low":"76000.0","high":"87975.0","last":"85500.0","type":"SPOT","open":78440.0,"volume":"393.417","sell":"85500.0","buy":"84017.0","at":1620195159,"name":"BCH/INR"},"bnbinr":{"base_unit":"bnb","quote_unit":"inr","low":"49000.0","high":"53400.0","last":"49500.0","type":"SPOT","open":52968.03,"volume":"2994.1402","sell":"49505.77","buy":"49500.0","at":1620195159,"name":"BNB/INR"},"bttinr":{"base_unit":"btt","quote_unit":"inr","low":"0.49","high":"0.55","last":"0.504","type":"SPOT","open":0.533,"volume":"520281051.0","sell":"0.5036","buy":"0.503","at":1620195159,"name":"BTT/INR"},"chzinr":{"base_unit":"chz","quote_unit":"inr","low":"2.5","high":"2.5","last":"2.5","type":"SPOT","open":2.5,"volume":"0.0","sell":"0.0","buy":"0.0","at":1620195159,"name":"CHZ/INR"},"oneinr":{"base_unit":"one","quote_unit":"inr","low":"0.56","high":"0.56","last":"0.56","type":"SPOT","open":0.56,"volume":"0.0","sell":"0.0","buy":"0.0","at":1620195159,"name":"ONE/INR"},"yfiinr":{"base_unit":"yfi","quote_unit":"inr","low":"3999632.0","high":"4370000.0","last":"4019298.0","type":"SPOT","open":4202009.0,"volume":"1.344567","sell":"4019298.0","buy":"4001000.0","at":1620195159,"name":"YFI/INR"},"uniinr":{"base_unit":"uni","quote_unit":"inr","low":"3211.0","high":"3699.0","last":"3430.0","type":"SPOT","open":3352.0,"volume":"5381.57","sell":"3433.0","buy":"3400.0","at":1620195159,"name":"UNI/INR"},"linkinr":{"base_unit":"link","quote_unit":"inr","low":"3120.0","high":"3989.97","last":"3910.0","type":"SPOT","open":3224.99,"volume":"13108.32","sell":"3910.0","buy":"3900.28","at":1620195159,"name":"LINK/INR"},"sxpinr":{"base_unit":"sxp","quote_unit":"inr","low":"375.98","high":"445.0","last":"389.96","type":"SPOT","open":424.79,"volume":"136944.02","sell":"389.96","buy":"388.77","at":1620195159,"name":"SXP/INR"},"adainr":{"base_unit":"ada","quote_unit":"inr","low":"101.6","high":"106.0073","last":"103.99","type":"SPOT","open":105.4733,"volume":"659032.4","sell":"103.9999","buy":"103.99","at":1620195159,"name":"ADA/INR"},"nanoinr":{"base_unit":"nano","quote_unit":"inr","low":"380.0","high":"380.0","last":"380.0","type":"SPOT","open":380.0,"volume":"0.0","sell":"44900.0","buy":"0.02","at":1620195159,"name":"NANO/INR"},"atominr":{"base_unit":"atom","quote_unit":"inr","low":"1700.0","high":"1820.0","last":"1732.14","type":"SPOT","open":1773.55,"volume":"2996.38","sell":"1733.0","buy":"1732.64","at":1620195159,"name":"ATOM/INR"},"xlminr":{"base_unit":"xlm","quote_unit":"inr","low":"39.86","high":"42.5787","last":"41.33","type":"SPOT","open":41.9957,"volume":"528203.5","sell":"41.3295","buy":"41.3258","at":1620195159,"name":"XLM/INR"},"fetinr":{"base_unit":"fet","quote_unit":"inr","low":"7.0","high":"7.0","last":"7.0","type":"SPOT","open":7.0,"volume":"0.0","sell":"0.0","buy":"0.0","at":1620195159,"name":"FET/INR"},"xeminr":{"base_unit":"xem","quote_unit":"inr","low":"24.56","high":"26.887","last":"24.7","type":"SPOT","open":26.85,"volume":"794497.0","sell":"24.972","buy":"24.7","at":1620195159,"name":"XEM/INR"},"zecinr":{"base_unit":"zec","quote_unit":"inr","low":"18266.3","high":"21302.13","last":"20507.0","type":"SPOT","open":18998.97,"volume":"248.874","sell":"21313.02","buy":"20510.0","at":1620195159,"name":"ZEC/INR"},"busdinr":{"base_unit":"busd","quote_unit":"inr","low":"77.7","high":"79.96","last":"78.76","type":"SPOT","open":79.73,"volume":"46889.27","sell":"78.77","buy":"78.7","at":1620195159,"name":"BUSD/INR"},"yfiiinr":{"base_unit":"yfii","quote_unit":"inr","low":"195500.0","high":"207999.0","last":"197940.57","type":"SPOT","open":206000.0,"volume":"47.429511","sell":"198017.8","buy":"198000.0","at":1620195159,"name":"YFII/INR"},"dogeinr":{"base_unit":"doge","quote_unit":"inr","low":"32.1514","high":"56.88","last":"56.503","type":"SPOT","open":35.25,"volume":"175320844.0","sell":"57.0","buy":"56.9999","at":1620195159,"name":"DOGE/INR"},"dotinr":{"base_unit":"dot","quote_unit":"inr","low":"2800.0","high":"3198.0","last":"2880.0","type":"SPOT","open":2900.0,"volume":"13353.14","sell":"2880.12","buy":"2880.0","at":1620195159,"name":"DOT/INR"},"vetinr":{"base_unit":"vet","quote_unit":"inr","low":"14.71","high":"16.7993","last":"14.83","type":"SPOT","open":16.12,"volume":"9729102.0","sell":"14.82925","buy":"14.8","at":1620195159,"name":"VET/INR"},"crvinr":{"base_unit":"crv","quote_unit":"inr","low":"225.02","high":"247.94","last":"234.0","type":"SPOT","open":247.0,"volume":"23354.011","sell":"234.0","buy":"230.0","at":1620195159,"name":"CRV/INR"},"reninr":{"base_unit":"ren","quote_unit":"inr","low":"70.82","high":"77.0","last":"73.0","type":"SPOT","open":76.0,"volume":"109942.4","sell":"73.0","buy":"71.19","at":1620195159,"name":"REN/INR"},"enjinr":{"base_unit":"enj","quote_unit":"inr","low":"183.0","high":"204.0276","last":"188.3","type":"SPOT","open":203.2,"volume":"180004.1","sell":"188.4","buy":"188.3","at":1620195159,"name":"ENJ/INR"},"manainr":{"base_unit":"mana","quote_unit":"inr","low":"102.0","high":"108.9","last":"104.9894","type":"SPOT","open":108.05,"volume":"63614.6","sell":"104.9894","buy":"104.0","at":1620195159,"name":"MANA/INR"},"hbarinr":{"base_unit":"hbar","quote_unit":"inr","low":"22.0","high":"25.23811","last":"22.65006","type":"SPOT","open":24.56,"volume":"2781996.3","sell":"22.65006","buy":"22.65005","at":1620195159,"name":"HBAR/INR"},"umainr":{"base_unit":"uma","quote_unit":"inr","low":"1883.43","high":"2044.9","last":"1940.0","type":"SPOT","open":2025.72,"volume":"835.181","sell":"1939.0","buy":"1902.0","at":1620195159,"name":"UMA/INR"},"chrinr":{"base_unit":"chr","quote_unit":"inr","low":"28.0","high":"31.83","last":"28.627","type":"SPOT","open":31.2,"volume":"2676754.0","sell":"28.6245","buy":"28.6183","at":1620195159,"name":"CHR/INR"},"paxginr":{"base_unit":"paxg","quote_unit":"inr","low":"0.0","high":"0.0","last":"0.0","type":"SPOT","open":"0.0","volume":"0.0","sell":"0.0","buy":"0.0","at":1620195159,"name":"PAXG/INR"},"1inchinr":{"base_unit":"1inch","quote_unit":"inr","low":"408.51","high":"459.9","last":"430.0","type":"SPOT","open":442.531,"volume":"38289.36","sell":"433.0","buy":"430.0","at":1620195159,"name":"1INCH/INR"},"etcinr":{"base_unit":"etc","quote_unit":"inr","low":"4001.0","high":"7800.0","last":"6669.0","type":"SPOT","open":4341.0,"volume":"156629.23","sell":"6668.333","buy":"6660.0","at":1620195159,"name":"ETC/INR"},"uftinr":{"base_unit":"uft","quote_unit":"inr","low":"120.0","high":"146.5","last":"132.986","type":"SPOT","open":146.024,"volume":"222371.18","sell":"133.5","buy":"130.226","at":1620195159,"name":"UFT/INR"},"dockinr":{"base_unit":"dock","quote_unit":"inr","low":"8.458","high":"9.6","last":"8.631","type":"SPOT","open":9.213,"volume":"7611204.0","sell":"8.7","buy":"8.631","at":1620195159,"name":"DOCK/INR"},"filinr":{"base_unit":"fil","quote_unit":"inr","low":"11353.5","high":"12500.83","last":"11490.0","type":"SPOT","open":12397.52,"volume":"262.004","sell":"11775.06","buy":"11400.02","at":1620195159,"name":"FIL/INR"},"wininr":{"base_unit":"win","quote_unit":"inr","low":"0.09","high":"0.1046","last":"0.0918","type":"SPOT","open":0.1015,"volume":"5881746720.0","sell":"0.0918","buy":"0.0917","at":1620195159,"name":"WIN/INR"},"tkoinr":{"base_unit":"tko","quote_unit":"inr","low":"0.0","high":"0.0","last":"0.0","type":"SPOT","open":"0.0","volume":"0.0","sell":"0.0","buy":"0.0","at":1620195159,"name":"TKO/INR"},"pushinr":{"base_unit":"push","quote_unit":"inr","low":"286.0","high":"357.958","last":"298.9","type":"SPOT","open":357.674,"volume":"716212.17","sell":"298.8","buy":"298.0","at":1620195159,"name":"PUSH/INR"},"avaxinr":{"base_unit":"avax","quote_unit":"inr","low":"2400.0","high":"2782.99","last":"2490.0","type":"SPOT","open":2740.0,"volume":"3438.41","sell":"2489.0","buy":"2445.0","at":1620195159,"name":"AVAX/INR"},"lunainr":{"base_unit":"luna","quote_unit":"inr","low":"1273.28","high":"2000.0","last":"1365.0","type":"SPOT","open":"1365.0","volume":"6718.7","sell":"1365.0","buy":"1361.0","at":1620195159,"name":"LUNA/INR"},"xvginr":{"base_unit":"xvg","quote_unit":"inr","low":"0.0","high":"0.0","last":"0.0","type":"SPOT","open":"0.0","volume":"0.0","sell":"0.0","buy":"0.0","at":1620195159,"name":"XVG/INR"},"scinr":{"base_unit":"sc","quote_unit":"inr","low":"2.8001","high":"3.1103","last":"2.8701","type":"SPOT","open":3.1101,"volume":"18875504.0","sell":"2.8745","buy":"2.8701","at":1620195159,"name":"SC/INR"},"fttinr":{"base_unit":"ftt","quote_unit":"inr","low":"4220.0","high":"4700.0","last":"4360.0","type":"SPOT","open":4491.0,"volume":"749.856","sell":"4360.0","buy":"4311.0","at":1620195159,"name":"FTT/INR"},"dgbinr":{"base_unit":"dgb","quote_unit":"inr","low":"10.51","high":"11.84","last":"10.61","type":"SPOT","open":11.75,"volume":"8807372.0","sell":"10.6","buy":"10.59","at":1620195159,"name":"DGB/INR"},"cvcinr":{"base_unit":"cvc","quote_unit":"inr","low":"41.1","high":"45.849","last":"42.25","type":"SPOT","open":44.6,"volume":"184399.8","sell":"42.25","buy":"42.248","at":1620195159,"name":"CVC/INR"},"cakeinr":{"base_unit":"cake","quote_unit":"inr","low":"2938.5","high":"3225.0","last":"2982.68","type":"SPOT","open":3225.0,"volume":"7214.294","sell":"2982.9","buy":"2982.68","at":1620195159,"name":"CAKE/INR"},"ezinr":{"base_unit":"ez","quote_unit":"inr","low":"990.0","high":"1175.0","last":"1001.0","type":"SPOT","open":1159.32,"volume":"34862.94","sell":"1003.1","buy":"1001.0","at":1620195159,"name":"EZ/INR"},"ltcinr":{"base_unit":"ltc","quote_unit":"inr","low":"22300.0","high":"26985.0","last":"26201.76","type":"SPOT","open":22888.0,"volume":"4182.056","sell":"26201.76","buy":"26199.0","at":1620195159,"name":"LTC/INR"},"dashinr":{"base_unit":"dash","quote_unit":"inr","low":"25025.0","high":"32900.0","last":"31500.0","type":"SPOT","open":26140.0,"volume":"705.51","sell":"31299.0","buy":"31184.0","at":1620195159,"name":"DASH/INR"},"xrpbtc":{"base_unit":"xrp","quote_unit":"btc","low":"0.000025","high":"0.00002738","last":"0.00002605","type":"SPOT","open":2.665e-05,"volume":"82261.9","sell":"0.00002627","buy":"0.00002591","at":1620195159,"name":"XRP/BTC"},"trxbtc":{"base_unit":"trx","quote_unit":"btc","low":"0.00000221","high":"0.00000231","last":"0.00000224","type":"SPOT","open":2.25e-06,"volume":"80632.0","sell":"0.00000224","buy":"0.00000222","at":1620195160,"name":"TRX/BTC"},"ethbtc":{"base_unit":"eth","quote_unit":"btc","low":"0.058841","high":"0.066415","last":"0.059691","type":"SPOT","open":0.060478,"volume":"175.3033","sell":"0.059693","buy":"0.059648","at":1620195160,"name":"ETH/BTC"},"zilbtc":{"base_unit":"zil","quote_unit":"btc","low":"0.00000353","high":"0.00000379","last":"0.00000361","type":"SPOT","open":3.65e-06,"volume":"25200.0","sell":"0.00000368","buy":"0.0000036","at":1620195160,"name":"ZIL/BTC"},"batbtc":{"base_unit":"bat","quote_unit":"btc","low":"0.00002111","high":"0.00002357","last":"0.0000222","type":"SPOT","open":2.199e-05,"volume":"6722.75","sell":"0.00002252","buy":"0.0000222","at":1620195160,"name":"BAT/BTC"},"ltcbtc":{"base_unit":"ltc","quote_unit":"btc","low":"0.005019","high":"0.006167","last":"0.006063","type":"SPOT","open":0.005147,"volume":"270.868","sell":"0.006125","buy":"0.006065","at":1620195160,"name":"LTC/BTC"},"qkcbtc":{"base_unit":"qkc","quote_unit":"btc","low":"0.00000051","high":"0.00000055","last":"0.00000052","type":"SPOT","open":5.3e-07,"volume":"142082.0","sell":"0.00000053","buy":"0.00000051","at":1620195160,"name":"QKC/BTC"},"dashbtc":{"base_unit":"dash","quote_unit":"btc","low":"0.005911","high":"0.00743","last":"0.00724","type":"SPOT","open":0.005891,"volume":"104.898","sell":"0.007401","buy":"0.005716","at":1620195160,"name":"DASH/BTC"},"funbtc":{"base_unit":"fun","quote_unit":"btc","low":"0.00000069","high":"0.0000008","last":"0.00000071","type":"SPOT","open":7.6e-07,"volume":"46149.0","sell":"0.00000072","buy":"0.00000071","at":1620195160,"name":"FUN/BTC"},"iostbtc":{"base_unit":"iost","quote_unit":"btc","low":"0.00000104","high":"0.00000114","last":"0.00000105","type":"SPOT","open":1.1e-06,"volume":"56566.0","sell":"0.00000107","buy":"0.00000103","at":1620195160,"name":"IOST/BTC"},"nulsbtc":{"base_unit":"nuls","quote_unit":"btc","low":"0.00001543","high":"0.00002041","last":"0.00001909","type":"SPOT","open":2.012e-05,"volume":"6751.0","sell":"0.00001945","buy":"0.00001918","at":1620195160,"name":"NULS/BTC"},"omgbtc":{"base_unit":"omg","quote_unit":"btc","low":"0.000162","high":"0.000184","last":"0.000179","type":"SPOT","open":0.000158,"volume":"1242.76","sell":"0.000183","buy":"0.000178","at":1620195160,"name":"OMG/BTC"},"reqbtc":{"base_unit":"req","quote_unit":"btc","low":"0.00000257","high":"0.00000286","last":"0.00000257","type":"SPOT","open":2.86e-06,"volume":"83882.47","sell":"0.00000257","buy":"0.00000252","at":1620195160,"name":"REQ/BTC"},"sntbtc":{"base_unit":"snt","quote_unit":"btc","low":"0.00000275","high":"0.00000306","last":"0.000003","type":"SPOT","open":2.99e-06,"volume":"27092.0","sell":"0.00000301","buy":"0.00000292","at":1620195160,"name":"SNT/BTC"},"thetabtc":{"base_unit":"theta","quote_unit":"btc","low":"0.00019095","high":"0.0002044","last":"0.00019789","type":"SPOT","open":0.00019719,"volume":"261.8","sell":"0.0001981","buy":"0.00019652","at":1620195160,"name":"THETA/BTC"},"zrxbtc":{"base_unit":"zrx","quote_unit":"btc","low":"0.00002801","high":"0.00003398","last":"0.00003175","type":"SPOT","open":3.293e-05,"volume":"68908.42","sell":"0.00003279","buy":"0.00003177","at":1620195160,"name":"ZRX/BTC"},"eosbtc":{"base_unit":"eos","quote_unit":"btc","low":"0.0001123","high":"0.0001344","last":"0.0001314","type":"SPOT","open":0.000115,"volume":"2570.65","sell":"0.0001343","buy":"0.0001319","at":1620195160,"name":"EOS/BTC"},"icxbtc":{"base_unit":"icx","quote_unit":"btc","low":"0.0000401","high":"0.000044","last":"0.0000404","type":"SPOT","open":4.19e-05,"volume":"1002.19","sell":"0.0000409","buy":"0.0000401","at":1620195160,"name":"ICX/BTC"},"polybtc":{"base_unit":"poly","quote_unit":"btc","low":"0.00000639","high":"0.00000711","last":"0.0000064","type":"SPOT","open":6.98e-06,"volume":"16837.0","sell":"0.00000647","buy":"0.0000064","at":1620195160,"name":"POLY/BTC"},"paxbtc":{"base_unit":"pax","quote_unit":"btc","low":"0.0","high":"0.0","last":"0.0","type":"SPOT","open":"0.0","volume":"0.0","sell":"0.0","buy":"0.0","at":1620195160,"name":"PAX/BTC"},"usdcbtc":{"base_unit":"usdc","quote_unit":"btc","low":"0.0","high":"0.0","last":"0.0","type":"SPOT","open":"0.0","volume":"0.0","sell":"0.0","buy":"0.0","at":1620195160,"name":"USDC/BTC"},"xlmbtc":{"base_unit":"xlm","quote_unit":"btc","low":"0.0","high":"0.0","last":"0.0","type":"SPOT","open":"0.0","volume":"0.0","sell":"0.0","buy":"0.0","at":1620195160,"name":"XLM/BTC"},"fetbtc":{"base_unit":"fet","quote_unit":"btc","low":"0.0000098","high":"0.00001249","last":"0.00001031","type":"SPOT","open":1.067e-05,"volume":"7489.0","sell":"0.00001037","buy":"0.00001018","at":1620195160,"name":"FET/BTC"},"celrbtc":{"base_unit":"celr","quote_unit":"btc","low":"0.00000107","high":"0.00000119","last":"0.00000107","type":"SPOT","open":1.14e-06,"volume":"10803.0","sell":"0.0000011","buy":"0.00000107","at":1620195160,"name":"CELR/BTC"},"maticbtc":{"base_unit":"matic","quote_unit":"btc","low":"0.00001299","high":"0.00001499","last":"0.00001322","type":"SPOT","open":1.403e-05,"volume":"297937.4","sell":"0.00001332","buy":"0.00001322","at":1620195160,"name":"MATIC/BTC"},"adabtc":{"base_unit":"ada","quote_unit":"btc","low":"0.00002312","high":"0.00002425","last":"0.00002407","type":"SPOT","open":2.357e-05,"volume":"18125.2","sell":"0.00002412","buy":"0.000024","at":1620195160,"name":"ADA/BTC"},"rvnbtc":{"base_unit":"rvn","quote_unit":"btc","low":"0.00000301","high":"0.00000316","last":"0.00000301","type":"SPOT","open":3.17e-06,"volume":"1751.0","sell":"0.00000303","buy":"0.000003","at":1620195160,"name":"RVN/BTC"},"xmrbtc":{"base_unit":"xmr","quote_unit":"btc","low":"0.007018","high":"0.0082","last":"0.007279","type":"SPOT","open":0.007082,"volume":"28.984","sell":"0.007332","buy":"0.0073","at":1620195160,"name":"XMR/BTC"},"atombtc":{"base_unit":"atom","quote_unit":"btc","low":"0.0003915","high":"0.0004144","last":"0.0004009","type":"SPOT","open":0.0003979,"volume":"228.99","sell":"0.000405","buy":"0.0004012","at":1620195160,"name":"ATOM/BTC"},"bnbbtc":{"base_unit":"bnb","quote_unit":"btc","low":"0.0112292","high":"0.0119354","last":"0.011488","type":"SPOT","open":0.011831,"volume":"184.344","sell":"0.0115119","buy":"0.011485","at":1620195160,"name":"BNB/BTC"},"wrxbtc":{"base_unit":"wrx","quote_unit":"btc","low":"0.000041","high":"0.00004699","last":"0.00004336","type":"SPOT","open":4.599e-05,"volume":"94155.0","sell":"0.00004333","buy":"0.00004315","at":1620195160,"name":"WRX/BTC"},"fttbtc":{"base_unit":"ftt","quote_unit":"btc","low":"0.0009978","high":"0.0010376","last":"0.0009978","type":"SPOT","open":0.0010186,"volume":"58.494","sell":"0.0010109","buy":"0.0010042","at":1620195160,"name":"FTT/BTC"},"stmxbtc":{"base_unit":"stmx","quote_unit":"btc","low":"0.00000084","high":"0.00000097","last":"0.00000091","type":"SPOT","open":9.6e-07,"volume":"235140.0","sell":"0.0000009","buy":"0.00000085","at":1620195160,"name":"STMX/BTC"},"glmbtc":{"base_unit":"glm","quote_unit":"btc","low":"0.0","high":"0.0","last":"0.0","type":"SPOT","open":"0.0","volume":"0.0","sell":"0.0","buy":"0.0","at":1620195160,"name":"GLM/BTC"},"btcusdt":{"base_unit":"btc","quote_unit":"usdt","low":"53425.0","high":"57000.0","last":"54775.0","type":"SPOT","open":56426.0,"volume":"25.74533","sell":"54743.0","buy":"54590.0","at":1620195160,"name":"BTC/USDT"},"trxusdt":{"base_unit":"trx","quote_unit":"usdt","low":"0.12","high":"0.12908","last":"0.1229","type":"SPOT","open":0.1272,"volume":"4045624.0","sell":"0.123","buy":"0.1229","at":1620195160,"name":"TRX/USDT"},"xrpusdt":{"base_unit":"xrp","quote_unit":"usdt","low":"1.36","high":"1.52","last":"1.42899","type":"SPOT","open":1.48748,"volume":"680123.6","sell":"1.4277","buy":"1.4273","at":1620195160,"name":"XRP/USDT"},"eosusdt":{"base_unit":"eos","quote_unit":"usdt","low":"6.2002","high":"7.39","last":"7.2939","type":"SPOT","open":6.4707,"volume":"25802.7","sell":"7.2896","buy":"7.2887","at":1620195160,"name":"EOS/USDT"},"ethusdt":{"base_unit":"eth","quote_unit":"usdt","low":"3235.6","high":"3525.0","last":"3269.92","type":"SPOT","open":3410.0,"volume":"614.2546","sell":"3269.92","buy":"3269.91","at":1620195160,"name":"ETH/USDT"},"icxusdt":{"base_unit":"icx","quote_unit":"usdt","low":"2.15","high":"2.5","last":"2.2218","type":"SPOT","open":2.3558,"volume":"19884.78","sell":"2.2203","buy":"2.2064","at":1620195160,"name":"ICX/USDT"},"ltcusdt":{"base_unit":"ltc","quote_unit":"usdt","low":"280.74","high":"340.0","last":"333.52","type":"SPOT","open":286.99,"volume":"2013.569","sell":"333.52","buy":"332.64","at":1620195160,"name":"LTC/USDT"},"tusdusdt":{"base_unit":"tusd","quote_unit":"usdt","low":"0.901","high":"1.0038","last":"1.0036","type":"SPOT","open":0.9969,"volume":"83540.24","sell":"1.0037","buy":"0.9948","at":1620195160,"name":"TUSD/USDT"},"hotusdt":{"base_unit":"hot","quote_unit":"usdt","low":"0.0127","high":"0.014884","last":"0.0139","type":"SPOT","open":0.014887,"volume":"29018917.0","sell":"0.013839","buy":"0.0138318","at":1620195160,"name":"HOT/USDT"},"batusdt":{"base_unit":"bat","quote_unit":"usdt","low":"1.16","high":"1.2898","last":"1.2189","type":"SPOT","open":1.2499,"volume":"46403.78","sell":"1.2247","buy":"1.218","at":1620195160,"name":"BAT/USDT"},"dashusdt":{"base_unit":"dash","quote_unit":"usdt","low":"320.43","high":"411.0","last":"400.3","type":"SPOT","open":326.03,"volume":"415.673","sell":"399.33","buy":"397.56","at":1620195160,"name":"DASH/USDT"},"ncashusdt":{"base_unit":"ncash","quote_unit":"usdt","low":"0.006433","high":"0.007527","last":"0.00653","type":"SPOT","open":0.007375,"volume":"37742222.0","sell":"0.006541","buy":"0.00653","at":1620195160,"name":"NCASH/USDT"},"qkcusdt":{"base_unit":"qkc","quote_unit":"usdt","low":"0.02783","high":"0.03091","last":"0.0282","type":"SPOT","open":0.03077,"volume":"2073435.0","sell":"0.0282","buy":"0.028","at":1620195160,"name":"QKC/USDT"},"zilusdt":{"base_unit":"zil","quote_unit":"usdt","low":"0.186","high":"0.21974","last":"0.19826","type":"SPOT","open":0.20291,"volume":"446490.0","sell":"0.19842","buy":"0.19826","at":1620195160,"name":"ZIL/USDT"},"zrxusdt":{"base_unit":"zrx","quote_unit":"usdt","low":"1.6882","high":"1.834","last":"1.7584","type":"SPOT","open":1.8179,"volume":"19435.88","sell":"1.7584","buy":"1.7581","at":1620195160,"name":"ZRX/USDT"},"bchusdt":{"base_unit":"bch","quote_unit":"usdt","low":"953.63","high":"1114.0","last":"1080.29","type":"SPOT","open":968.17,"volume":"262.2354","sell":"1083.47","buy":"1079.64","at":1620195160,"name":"BCH/USDT"},"bchsvusdt":{"base_unit":"bchsv","quote_unit":"usdt","low":"302.5","high":"367.96","last":"352.88","type":"SPOT","open":361.0,"volume":"219.016","sell":"352.87","buy":"347.5","at":1620195160,"name":"BCHSV/USDT"},"paxusdt":{"base_unit":"pax","quote_unit":"usdt","low":"0.9908","high":"1.0039","last":"0.9954","type":"SPOT","open":0.9949,"volume":"37459.25","sell":"1.0037","buy":"0.9948","at":1620195160,"name":"PAX/USDT"},"usdcusdt":{"base_unit":"usdc","quote_unit":"usdt","low":"0.965","high":"0.997","last":"0.996","type":"SPOT","open":0.997,"volume":"16887.4","sell":"0.996","buy":"0.944","at":1620195160,"name":"USDC/USDT"},"omgusdt":{"base_unit":"omg","quote_unit":"usdt","low":"8.6","high":"10.5","last":"10.0","type":"SPOT","open":8.8568,"volume":"39412.91","sell":"9.9448","buy":"9.8652","at":1620195160,"name":"OMG/USDT"},"polyusdt":{"base_unit":"poly","quote_unit":"usdt","low":"0.3442","high":"0.391","last":"0.35","type":"SPOT","open":0.3902,"volume":"44591.0","sell":"0.3515","buy":"0.3462","at":1620195160,"name":"POLY/USDT"},"dentusdt":{"base_unit":"dent","quote_unit":"usdt","low":"0.009256","high":"0.010406","last":"0.009547","type":"SPOT","open":0.010383,"volume":"46556215.0","sell":"0.009649","buy":"0.009547","at":1620195160,"name":"DENT/USDT"},"iostusdt":{"base_unit":"iost","quote_unit":"usdt","low":"0.0565","high":"0.064","last":"0.05765","type":"SPOT","open":0.06224,"volume":"2492468.0","sell":"0.05809","buy":"0.05762","at":1620195160,"name":"IOST/USDT"},"funusdt":{"base_unit":"fun","quote_unit":"usdt","low":"0.038","high":"0.043191","last":"0.038798","type":"SPOT","open":0.042805,"volume":"2399455.0","sell":"0.038798","buy":"0.038797","at":1620195160,"name":"FUN/USDT"},"sntusdt":{"base_unit":"snt","quote_unit":"usdt","low":"0.15292","high":"0.1718","last":"0.1597","type":"SPOT","open":0.17186,"volume":"40221.0","sell":"0.1643","buy":"0.15951","at":1620195160,"name":"SNT/USDT"},"thetausdt":{"base_unit":"theta","quote_unit":"usdt","low":"10.35","high":"11.3","last":"10.81","type":"SPOT","open":11.052,"volume":"35679.1","sell":"10.81","buy":"10.733","at":1620195160,"name":"THETA/USDT"},"requsdt":{"base_unit":"req","quote_unit":"usdt","low":"0.14","high":"0.16122","last":"0.1403","type":"SPOT","open":0.15626,"volume":"64420.0","sell":"0.1403","buy":"0.14014","at":1620195160,"name":"REQ/USDT"},"xlmusdt":{"base_unit":"xlm","quote_unit":"usdt","low":"0.4905","high":"0.53514","last":"0.5237","type":"SPOT","open":0.52847,"volume":"324857.9","sell":"0.5237","buy":"0.52256","at":1620195160,"name":"XLM/USDT"},"xtzusdt":{"base_unit":"xtz","quote_unit":"usdt","low":"5.43","high":"6.12","last":"6.12","type":"SPOT","open":5.7396,"volume":"6083.13","sell":"6.15","buy":"6.13","at":1620195160,"name":"XTZ/USDT"},"bttusdt":{"base_unit":"btt","quote_unit":"usdt","low":"0.0063","high":"0.0069","last":"0.0063907","type":"SPOT","open":0.0067057,"volume":"69198251.0","sell":"0.0063907","buy":"0.0063906","at":1620195160,"name":"BTT/USDT"},"fetusdt":{"base_unit":"fet","quote_unit":"usdt","low":"0.5516","high":"0.64","last":"0.563","type":"SPOT","open":0.6075,"volume":"92609.0","sell":"0.5616","buy":"0.56","at":1620195160,"name":"FET/USDT"},"tfuelusdt":{"base_unit":"tfuel","quote_unit":"usdt","low":"0.31258","high":"0.422","last":"0.37987","type":"SPOT","open":0.35958,"volume":"272041.0","sell":"0.37971","buy":"0.3791","at":1620195160,"name":"TFUEL/USDT"},"celrusdt":{"base_unit":"celr","quote_unit":"usdt","low":"0.05804","high":"0.0656","last":"0.05939","type":"SPOT","open":0.06538,"volume":"675597.0","sell":"0.05939","buy":"0.05916","at":1620195160,"name":"CELR/USDT"},"maticusdt":{"base_unit":"matic","quote_unit":"usdt","low":"0.70215","high":"0.8","last":"0.72","type":"SPOT","open":0.78909,"volume":"757634.1","sell":"0.72769","buy":"0.72224","at":1620195161,"name":"MATIC/USDT"},"adausdt":{"base_unit":"ada","quote_unit":"usdt","low":"1.28","high":"1.34998","last":"1.3161","type":"SPOT","open":1.33,"volume":"215794.6","sell":"1.3182","buy":"1.318","at":1620195161,"name":"ADA/USDT"},"rvnusdt":{"base_unit":"rvn","quote_unit":"usdt","low":"0.16087","high":"0.17913","last":"0.16465","type":"SPOT","open":0.17754,"volume":"129677.0","sell":"0.16564","buy":"0.165","at":1620195161,"name":"RVN/USDT"},"xmrusdt":{"base_unit":"xmr","quote_unit":"usdt","low":"385.0","high":"444.0","last":"397.6","type":"SPOT","open":395.44,"volume":"92.684","sell":"400.06","buy":"397.7","at":1620195161,"name":"XMR/USDT"},"atomusdt":{"base_unit":"atom","quote_unit":"usdt","low":"21.069","high":"23.18","last":"21.912","type":"SPOT","open":22.128,"volume":"1701.06","sell":"22.086","buy":"21.934","at":1620195161,"name":"ATOM/USDT"},"algousdt":{"base_unit":"algo","quote_unit":"usdt","low":"1.3","high":"1.447","last":"1.334","type":"SPOT","open":1.387,"volume":"13126.07","sell":"1.34","buy":"1.336","at":1620195161,"name":"ALGO/USDT"},"linkusdt":{"base_unit":"link","quote_unit":"usdt","low":"39.451","high":"50.0","last":"49.365","type":"SPOT","open":40.437,"volume":"7264.12","sell":"49.5798","buy":"49.3118","at":1620195161,"name":"LINK/USDT"},"qtumusdt":{"base_unit":"qtum","quote_unit":"usdt","low":"13.001","high":"15.45","last":"14.5","type":"SPOT","open":14.805,"volume":"721.953","sell":"14.5","buy":"14.477","at":1620195161,"name":"QTUM/USDT"},"etcusdt":{"base_unit":"etc","quote_unit":"usdt","low":"50.7291","high":"97.0","last":"83.3755","type":"SPOT","open":53.882,"volume":"30146.13","sell":"84.9576","buy":"83.418","at":1620195161,"name":"ETC/USDT"},"iotausdt":{"base_unit":"iota","quote_unit":"usdt","low":"1.82","high":"2.0999","last":"1.9252","type":"SPOT","open":1.9772,"volume":"7781.86","sell":"1.9259","buy":"1.9093","at":1620195161,"name":"IOTA/USDT"},"zecusdt":{"base_unit":"zec","quote_unit":"usdt","low":"233.39","high":"268.67","last":"268.67","type":"SPOT","open":236.7866,"volume":"243.739","sell":"268.12","buy":"266.59","at":1620195161,"name":"ZEC/USDT"},"wavesusdt":{"base_unit":"waves","quote_unit":"usdt","low":"28.7009","high":"41.9561","last":"36.473","type":"SPOT","open":32.812,"volume":"9040.34","sell":"37.0","buy":"36.456","at":1620195161,"name":"WAVES/USDT"},"ftmusdt":{"base_unit":"ftm","quote_unit":"usdt","low":"0.65","high":"0.76311","last":"0.73072","type":"SPOT","open":0.69056,"volume":"140920.7","sell":"0.73582","buy":"0.73068","at":1620195161,"name":"FTM/USDT"},"enjusdt":{"base_unit":"enj","quote_unit":"usdt","low":"2.35","high":"2.56","last":"2.3935","type":"SPOT","open":2.55,"volume":"57841.8","sell":"2.39","buy":"2.3743","at":1620195161,"name":"ENJ/USDT"},"lskusdt":{"base_unit":"lsk","quote_unit":"usdt","low":"5.3157","high":"6.3174","last":"5.5332","type":"SPOT","open":5.9676,"volume":"8182.75","sell":"5.5142","buy":"5.4607","at":1620195161,"name":"LSK/USDT"},"steemusdt":{"base_unit":"steem","quote_unit":"usdt","low":"0.801","high":"0.9499","last":"0.8147","type":"SPOT","open":0.869,"volume":"9550.06","sell":"0.8308","buy":"0.8141","at":1620195161,"name":"STEEM/USDT"},"xvgusdt":{"base_unit":"xvg","quote_unit":"usdt","low":"0.0477","high":"0.05199","last":"0.0502","type":"SPOT","open":0.0509,"volume":"864165.0","sell":"0.05019","buy":"0.05008","at":1620195161,"name":"XVG/USDT"},"loomusdt":{"base_unit":"loom","quote_unit":"usdt","low":"0.135","high":"0.15141","last":"0.137","type":"SPOT","open":0.1507,"volume":"165239.0","sell":"0.13799","buy":"0.137","at":1620195161,"name":"LOOM/USDT"},"manausdt":{"base_unit":"mana","quote_unit":"usdt","low":"1.27","high":"1.3667","last":"1.3254","type":"SPOT","open":1.3596,"volume":"26432.6","sell":"1.3289","buy":"1.314","at":1620195161,"name":"MANA/USDT"},"repusdt":{"base_unit":"rep","quote_unit":"usdt","low":"38.0","high":"42.505","last":"39.37","type":"SPOT","open":41.068,"volume":"546.691","sell":"39.906","buy":"39.523","at":1620195161,"name":"REP/USDT"},"blzusdt":{"base_unit":"blz","quote_unit":"usdt","low":"0.317","high":"0.4498","last":"0.39181","type":"SPOT","open":0.40841,"volume":"61055.0","sell":"0.392","buy":"0.39003","at":1620195161,"name":"BLZ/USDT"},"nanousdt":{"base_unit":"nano","quote_unit":"usdt","low":"8.8","high":"9.7998","last":"9.0103","type":"SPOT","open":9.6129,"volume":"6006.47","sell":"9.1547","buy":"9.1322","at":1620195161,"name":"NANO/USDT"},"scusdt":{"base_unit":"sc","quote_unit":"usdt","low":"0.03572","high":"0.03999","last":"0.03653","type":"SPOT","open":0.03898,"volume":"6162200.0","sell":"0.0365","buy":"0.03641","at":1620195161,"name":"SC/USDT"},"btgusdt":{"base_unit":"btg","quote_unit":"usdt","low":"94.0","high":"114.8","last":"107.28","type":"SPOT","open":103.35,"volume":"1079.62","sell":"108.93","buy":"107.0","at":1620195161,"name":"BTG/USDT"},"xemusdt":{"base_unit":"xem","quote_unit":"usdt","low":"0.3111","high":"0.3382","last":"0.3133","type":"SPOT","open":0.3361,"volume":"187912.0","sell":"0.3183","buy":"0.3126","at":1620195161,"name":"XEM/USDT"},"btsusdt":{"base_unit":"bts","quote_unit":"usdt","low":"0.11","high":"0.12694","last":"0.12308","type":"SPOT","open":0.11703,"volume":"202702.0","sell":"0.12344","buy":"0.12308","at":1620195161,"name":"BTS/USDT"},"ardrusdt":{"base_unit":"ardr","quote_unit":"usdt","low":"0.33967","high":"0.37982","last":"0.34668","type":"SPOT","open":0.37793,"volume":"16579.0","sell":"0.34677","buy":"0.346","at":1620195161,"name":"ARDR/USDT"},"nasusdt":{"base_unit":"nas","quote_unit":"usdt","low":"0.95","high":"1.058","last":"0.96","type":"SPOT","open":1.0211,"volume":"22788.13","sell":"0.9869","buy":"0.9688","at":1620195161,"name":"NAS/USDT"},"winusdt":{"base_unit":"win","quote_unit":"usdt","low":"0.0011393","high":"0.0013264","last":"0.0011658","type":"SPOT","open":0.0012744,"volume":"1688550179.0","sell":"0.0011661","buy":"0.0011634","at":1620195161,"name":"WIN/USDT"},"bnbusdt":{"base_unit":"bnb","quote_unit":"usdt","low":"612.0","high":"667.0","last":"629.0","type":"SPOT","open":663.0,"volume":"1158.682","sell":"628.89","buy":"628.7627","at":1620195161,"name":"BNB/USDT"},"chzusdt":{"base_unit":"chz","quote_unit":"usdt","low":"0.485346","high":"0.555","last":"0.49183","type":"SPOT","open":0.5096,"volume":"301255.0","sell":"0.49183","buy":"0.49152","at":1620195161,"name":"CHZ/USDT"},"wrxusdt":{"base_unit":"wrx","quote_unit":"usdt","low":"2.2999","high":"2.73742","last":"2.3698","type":"SPOT","open":2.5779,"volume":"642742.9","sell":"2.3657","buy":"2.36558","at":1620195161,"name":"WRX/USDT"},"kavausdt":{"base_unit":"kava","quote_unit":"usdt","low":"5.5","high":"6.4598","last":"6.0","type":"SPOT","open":6.081,"volume":"3510.05","sell":"6.0256","buy":"5.9809","at":1620195161,"name":"KAVA/USDT"},"ankrusdt":{"base_unit":"ankr","quote_unit":"usdt","low":"0.152","high":"0.170109","last":"0.15511","type":"SPOT","open":0.16683,"volume":"248588.0","sell":"0.15634","buy":"0.1549","at":1620195161,"name":"ANKR/USDT"},"busdusdt":{"base_unit":"busd","quote_unit":"usdt","low":"0.96","high":"1.01","last":"0.9973","type":"SPOT","open":0.998,"volume":"36321.97","sell":"1.0015","buy":"0.997","at":1620195161,"name":"BUSD/USDT"},"oneusdt":{"base_unit":"one","quote_unit":"usdt","low":"0.124","high":"0.13818","last":"0.12626","type":"SPOT","open":0.13665,"volume":"499102.0","sell":"0.1268","buy":"0.12624","at":1620195161,"name":"ONE/USDT"},"ognusdt":{"base_unit":"ogn","quote_unit":"usdt","low":"0.0","high":"0.0","last":"0.0","type":"SPOT","open":"0.0","volume":"0.0","sell":"0.0","buy":"0.0","at":1620195161,"name":"OGN/USDT"},"hiveusdt":{"base_unit":"hive","quote_unit":"usdt","low":"0.5559","high":"0.6332","last":"0.563","type":"SPOT","open":0.6186,"volume":"10067.24","sell":"0.5686","buy":"0.563","at":1620195161,"name":"HIVE/USDT"},"fttusdt":{"base_unit":"ftt","quote_unit":"usdt","low":"54.193","high":"57.745","last":"55.112","type":"SPOT","open":57.41,"volume":"466.485","sell":"55.118","buy":"54.894","at":1620195161,"name":"FTT/USDT"},"bandusdt":{"base_unit":"band","quote_unit":"usdt","low":"16.2","high":"20.4786","last":"20.386","type":"SPOT","open":17.077,"volume":"4202.45","sell":"20.295","buy":"20.24","at":1620195161,"name":"BAND/USDT"},"jstusdt":{"base_unit":"jst","quote_unit":"usdt","low":"0.12015","high":"0.133","last":"0.12105","type":"SPOT","open":0.12571,"volume":"100403.0","sell":"0.12165","buy":"0.121","at":1620195161,"name":"JST/USDT"},"ctsiusdt":{"base_unit":"ctsi","quote_unit":"usdt","low":"0.70045","high":"1.09999","last":"0.9372","type":"SPOT","open":0.79495,"volume":"359555.6","sell":"0.93958","buy":"0.9349","at":1620195161,"name":"CTSI/USDT"},"chrusdt":{"base_unit":"chr","quote_unit":"usdt","low":"0.352","high":"0.4","last":"0.36811","type":"SPOT","open":0.39098,"volume":"1079858.0","sell":"0.36616","buy":"0.35269","at":1620195161,"name":"CHR/USDT"},"tomousdt":{"base_unit":"tomo","quote_unit":"usdt","low":"2.5706","high":"2.9413","last":"2.8119","type":"SPOT","open":2.7367,"volume":"5150.95","sell":"2.8104","buy":"2.7254","at":1620195161,"name":"TOMO/USDT"},"stxusdt":{"base_unit":"stx","quote_unit":"usdt","low":"0.0","high":"0.0","last":"0.0","type":"SPOT","open":"0.0","volume":"0.0","sell":"0.0","buy":"0.0","at":1620195161,"name":"STX/USDT"},"stmxusdt":{"base_unit":"stmx","quote_unit":"usdt","low":"0.047128","high":"0.05392","last":"0.047781","type":"SPOT","open":0.05392,"volume":"1937915.0","sell":"0.048229","buy":"0.047781","at":1620195161,"name":"STMX/USDT"},"gxsusdt":{"base_unit":"gxs","quote_unit":"usdt","low":"0.95","high":"1.1602","last":"0.9691","type":"SPOT","open":1.0582,"volume":"12128.35","sell":"0.9719","buy":"0.963","at":1620195161,"name":"GXS/USDT"},"mdtusdt":{"base_unit":"mdt","quote_unit":"usdt","low":"0.0","high":"0.0","last":"0.0","type":"SPOT","open":"0.0","volume":"0.0","sell":"0.0","buy":"0.0","at":1620195161,"name":"MDT/USDT"},"ltousdt":{"base_unit":"lto","quote_unit":"usdt","low":"0.0","high":"0.0","last":"0.0","type":"SPOT","open":"0.0","volume":"0.0","sell":"0.0","buy":"0.0","at":1620195161,"name":"LTO/USDT"},"lrcusdt":{"base_unit":"lrc","quote_unit":"usdt","low":"0.49999","high":"0.6078","last":"0.51464","type":"SPOT","open":0.55708,"volume":"10011.0","sell":"0.52106","buy":"0.51593","at":1620195161,"name":"LRC/USDT"},"dogeusdt":{"base_unit":"doge","quote_unit":"usdt","low":"0.41","high":"0.718","last":"0.7155302","type":"SPOT","open":0.4391987,"volume":"30668883.0","sell":"0.720789","buy":"0.7207197","at":1620195161,"name":"DOGE/USDT"},"neousdt":{"base_unit":"neo","quote_unit":"usdt","low":"95.02","high":"108.499","last":"100.4","type":"SPOT","open":102.401,"volume":"606.225","sell":"100.4","buy":"100.309","at":1620195161,"name":"NEO/USDT"},"hbarusdt":{"base_unit":"hbar","quote_unit":"usdt","low":"0.28","high":"0.31529","last":"0.28755","type":"SPOT","open":0.30835,"volume":"1296647.9","sell":"0.287","buy":"0.2861","at":1620195162,"name":"HBAR/USDT"},"storjusdt":{"base_unit":"storj","quote_unit":"usdt","low":"1.8271","high":"2.0049","last":"1.84","type":"SPOT","open":1.9689,"volume":"6881.0","sell":"1.8443","buy":"1.842","at":1620195162,"name":"STORJ/USDT"},"compusdt":{"base_unit":"comp","quote_unit":"usdt","low":"730.0","high":"829.75","last":"745.81","type":"SPOT","open":815.08,"volume":"18.123","sell":"749.88","buy":"745.81","at":1620195162,"name":"COMP/USDT"},"cotiusdt":{"base_unit":"coti","quote_unit":"usdt","low":"0.33416","high":"0.39799","last":"0.338","type":"SPOT","open":0.362,"volume":"167787.6","sell":"0.34157","buy":"0.339","at":1620195162,"name":"COTI/USDT"},"dgbusdt":{"base_unit":"dgb","quote_unit":"usdt","low":"0.131","high":"0.148","last":"0.135","type":"SPOT","open":0.14718,"volume":"1801094.0","sell":"0.13563","buy":"0.135","at":1620195162,"name":"DGB/USDT"},"grsusdt":{"base_unit":"grs","quote_unit":"usdt","low":"1.2753","high":"1.4481","last":"1.3039","type":"SPOT","open":1.4013,"volume":"10526.0","sell":"1.3404","buy":"1.3154","at":1620195162,"name":"GRS/USDT"},"snxusdt":{"base_unit":"snx","quote_unit":"usdt","low":"16.299","high":"18.598","last":"16.698","type":"SPOT","open":18.222,"volume":"967.952","sell":"16.817","buy":"16.68","at":1620195162,"name":"SNX/USDT"},"renusdt":{"base_unit":"ren","quote_unit":"usdt","low":"0.85028","high":"0.97337","last":"0.9277","type":"SPOT","open":0.95278,"volume":"49982.8","sell":"0.92845","buy":"0.9277","at":1620195162,"name":"REN/USDT"},"sxpusdt":{"base_unit":"sxp","quote_unit":"usdt","low":"4.765","high":"5.548","last":"4.94","type":"SPOT","open":5.311,"volume":"74815.09","sell":"4.958","buy":"4.926","at":1620195162,"name":"SXP/USDT"},"mkrusdt":{"base_unit":"mkr","quote_unit":"usdt","low":"5110.0","high":"5950.0","last":"5200.0","type":"SPOT","open":5864.11,"volume":"5.17588","sell":"5191.47","buy":"5185.0","at":1620195162,"name":"MKR/USDT"},"daiusdt":{"base_unit":"dai","quote_unit":"usdt","low":"0.0","high":"0.0","last":"0.0","type":"SPOT","open":"0.0","volume":"0.0","sell":"0.0","buy":"0.0","at":1620195162,"name":"DAI/USDT"},"avausdt":{"base_unit":"ava","quote_unit":"usdt","low":"5.046","high":"5.89","last":"5.45","type":"SPOT","open":5.1,"volume":"5163.67","sell":"5.45","buy":"5.38","at":1620195162,"name":"AVA/USDT"},"balusdt":{"base_unit":"bal","quote_unit":"usdt","low":"60.0","high":"74.858","last":"66.354","type":"SPOT","open":71.946,"volume":"281.202","sell":"66.18","buy":"65.698","at":1620195162,"name":"BAL/USDT"},"srmusdt":{"base_unit":"srm","quote_unit":"usdt","low":"10.0","high":"12.5701","last":"10.6","type":"SPOT","open":11.4862,"volume":"3546.53","sell":"10.6283","buy":"10.566","at":1620195162,"name":"SRM/USDT"},"egldusdt":{"base_unit":"egld","quote_unit":"usdt","low":"174.0","high":"191.5","last":"189.8","type":"SPOT","open":190.96,"volume":"139.359","sell":"190.0","buy":"188.38","at":1620195162,"name":"EGLD/USDT"},"cosusdt":{"base_unit":"cos","quote_unit":"usdt","low":"0.03162","high":"0.03477","last":"0.03227","type":"SPOT","open":0.03426,"volume":"614920.5","sell":"0.03261","buy":"0.03226","at":1620195162,"name":"COS/USDT"},"nbsusdt":{"base_unit":"nbs","quote_unit":"usdt","low":"0.031545","high":"0.03624","last":"0.0332","type":"SPOT","open":0.03566,"volume":"1161648.0","sell":"0.0332","buy":"0.03301","at":1620195162,"name":"NBS/USDT"},"aionusdt":{"base_unit":"aion","quote_unit":"usdt","low":"0.3001","high":"0.3657","last":"0.3237","type":"SPOT","open":0.3454,"volume":"39658.14","sell":"0.3276","buy":"0.3252","at":1620195162,"name":"AION/USDT"},"dotusdt":{"base_unit":"dot","quote_unit":"usdt","low":"35.2","high":"39.99","last":"36.4898","type":"SPOT","open":36.196,"volume":"8119.55","sell":"36.427","buy":"36.246","at":1620195162,"name":"DOT/USDT"},"yfiusdt":{"base_unit":"yfi","quote_unit":"usdt","low":"50000.0","high":"55500.0","last":"50950.23","type":"SPOT","open":52402.63,"volume":"0.842393","sell":"51248.56","buy":"50753.7","at":1620195162,"name":"YFI/USDT"},"iotxusdt":{"base_unit":"iotx","quote_unit":"usdt","low":"0.053","high":"0.060027","last":"0.054587","type":"SPOT","open":0.059163,"volume":"1497372.0","sell":"0.05497","buy":"0.054673","at":1620195162,"name":"IOTX/USDT"},"sandusdt":{"base_unit":"sand","quote_unit":"usdt","low":"0.570559","high":"0.722362","last":"0.59054","type":"SPOT","open":0.694,"volume":"63167.0","sell":"0.59044","buy":"0.58677","at":1620195162,"name":"SAND/USDT"},"uniusdt":{"base_unit":"uni","quote_unit":"usdt","low":"40.0113","high":"46.6716","last":"42.9997","type":"SPOT","open":42.036,"volume":"3801.2","sell":"42.9997","buy":"42.68","at":1620195162,"name":"UNI/USDT"},"datausdt":{"base_unit":"data","quote_unit":"usdt","low":"0.165","high":"0.20498","last":"0.203","type":"SPOT","open":0.18096,"volume":"301374.0","sell":"0.20197","buy":"0.19947","at":1620195162,"name":"DATA/USDT"},"paxgusdt":{"base_unit":"paxg","quote_unit":"usdt","low":"0.0","high":"0.0","last":"0.0","type":"SPOT","open":"0.0","volume":"0.0","sell":"0.0","buy":"0.0","at":1620195162,"name":"PAXG/USDT"},"creamusdt":{"base_unit":"cream","quote_unit":"usdt","low":"131.026","high":"163.502","last":"135.5","type":"SPOT","open":163.399,"volume":"523.351","sell":"135.5","buy":"135.011","at":1620195162,"name":"CREAM/USDT"},"swrvusdt":{"base_unit":"swrv","quote_unit":"usdt","low":"0.0","high":"0.0","last":"0.0","type":"SPOT","open":"0.0","volume":"0.0","sell":"0.0","buy":"0.0","at":1620195162,"name":"SWRV/USDT"},"umausdt":{"base_unit":"uma","quote_unit":"usdt","low":"20.028","high":"26.0","last":"24.418","type":"SPOT","open":25.434,"volume":"365.799","sell":"24.25","buy":"23.964","at":1620195162,"name":"UMA/USDT"},"diausdt":{"base_unit":"dia","quote_unit":"usdt","low":"0.0","high":"0.0","last":"0.0","type":"SPOT","open":"0.0","volume":"0.0","sell":"0.0","buy":"0.0","at":1620195162,"name":"DIA/USDT"},"ksmusdt":{"base_unit":"ksm","quote_unit":"usdt","low":"393.73","high":"436.67","last":"410.0","type":"SPOT","open":406.7,"volume":"77.163","sell":"410.0","buy":"407.15","at":1620195162,"name":"KSM/USDT"},"yfiiusdt":{"base_unit":"yfii","quote_unit":"usdt","low":"2470.0","high":"2752.26","last":"2515.39","type":"SPOT","open":2580.05,"volume":"24.338726","sell":"2542.97","buy":"2515.0","at":1620195162,"name":"YFII/USDT"},"bzrxusdt":{"base_unit":"bzrx","quote_unit":"usdt","low":"0.0","high":"0.0","last":"0.0","type":"SPOT","open":"0.0","volume":"0.0","sell":"0.0","buy":"0.0","at":1620195162,"name":"BZRX/USDT"},"trbusdt":{"base_unit":"trb","quote_unit":"usdt","low":"0.0","high":"0.0","last":"0.0","type":"SPOT","open":"0.0","volume":"0.0","sell":"0.0","buy":"0.0","at":1620195162,"name":"TRB/USDT"},"adxusdt":{"base_unit":"adx","quote_unit":"usdt","low":"1.1727","high":"1.3158","last":"1.2053","type":"SPOT","open":1.2973,"volume":"13354.0","sell":"1.2082","buy":"1.2081","at":1620195162,"name":"ADX/USDT"},"aaveusdt":{"base_unit":"aave","quote_unit":"usdt","low":"442.71","high":"507.462","last":"450.97","type":"SPOT","open":484.97,"volume":"84.179","sell":"447.91","buy":"441.1","at":1620195162,"name":"AAVE/USDT"},"filusdt":{"base_unit":"fil","quote_unit":"usdt","low":"141.1","high":"156.78","last":"148.24","type":"SPOT","open":155.07,"volume":"211.827","sell":"147.88","buy":"147.0","at":1620195162,"name":"FIL/USDT"},"crvusdt":{"base_unit":"crv","quote_unit":"usdt","low":"2.7","high":"3.15","last":"2.976","type":"SPOT","open":3.093,"volume":"13854.633","sell":"2.991","buy":"2.97","at":1620195162,"name":"CRV/USDT"},"nearusdt":{"base_unit":"near","quote_unit":"usdt","low":"4.878","high":"5.2565","last":"4.9423","type":"SPOT","open":5.1746,"volume":"5828.524","sell":"4.9904","buy":"4.9488","at":1620195162,"name":"NEAR/USDT"},"hntusdt":{"base_unit":"hnt","quote_unit":"usdt","low":"17.0","high":"19.048","last":"17.512","type":"SPOT","open":18.2,"volume":"749.635","sell":"17.501","buy":"17.358","at":1620195162,"name":"HNT/USDT"},"avaxusdt":{"base_unit":"avax","quote_unit":"usdt","low":"30.5","high":"34.7999","last":"31.014","type":"SPOT","open":34.418,"volume":"2065.6","sell":"31.014","buy":"31.0139","at":1620195162,"name":"AVAX/USDT"},"oxtusdt":{"base_unit":"oxt","quote_unit":"usdt","low":"0.5","high":"0.65","last":"0.614","type":"SPOT","open":0.6381,"volume":"7873.35","sell":"0.6137","buy":"0.6087","at":1620195162,"name":"OXT/USDT"},"dockusdt":{"base_unit":"dock","quote_unit":"usdt","low":"0.103","high":"0.120693","last":"0.110421","type":"SPOT","open":0.115727,"volume":"2444224.0","sell":"0.110421","buy":"0.110259","at":1620195162,"name":"DOCK/USDT"},"duskusdt":{"base_unit":"dusk","quote_unit":"usdt","low":"0.2555","high":"0.3","last":"0.2618","type":"SPOT","open":0.2767,"volume":"52710.44","sell":"0.2655","buy":"0.2654","at":1620195162,"name":"DUSK/USDT"},"wtcusdt":{"base_unit":"wtc","quote_unit":"usdt","low":"1.56","high":"1.7765","last":"1.6237","type":"SPOT","open":1.7021,"volume":"14603.02","sell":"1.6328","buy":"1.6","at":1620195162,"name":"WTC/USDT"},"perlusdt":{"base_unit":"perl","quote_unit":"usdt","low":"0.0","high":"0.0","last":"0.0","type":"SPOT","open":"0.0","volume":"0.0","sell":"0.0","buy":"0.0","at":1620195162,"name":"PERL/USDT"},"straxusdt":{"base_unit":"strax","quote_unit":"usdt","low":"2.3499","high":"3.2465","last":"2.9866","type":"SPOT","open":2.4706,"volume":"28459.2","sell":"3.0","buy":"2.9837","at":1620195162,"name":"STRAX/USDT"},"injusdt":{"base_unit":"inj","quote_unit":"usdt","low":"18.0","high":"19.9","last":"18.005","type":"SPOT","open":19.8998,"volume":"1653.13","sell":"18.151","buy":"18.011","at":1620195162,"name":"INJ/USDT"},"vetusdt":{"base_unit":"vet","quote_unit":"usdt","low":"0.1865","high":"0.207688","last":"0.188627","type":"SPOT","open":0.202,"volume":"2826484.0","sell":"0.188627","buy":"0.188","at":1620195162,"name":"VET/USDT"},"mtlusdt":{"base_unit":"mtl","quote_unit":"usdt","low":"3.6009","high":"4.268","last":"3.6856","type":"SPOT","open":4.0592,"volume":"13488.12","sell":"3.6842","buy":"3.6759","at":1620195162,"name":"MTL/USDT"},"frontusdt":{"base_unit":"front","quote_unit":"usdt","low":"2.5438","high":"2.9004","last":"2.6093","type":"SPOT","open":2.8264,"volume":"12891.93","sell":"2.5964","buy":"2.5692","at":1620195162,"name":"FRONT/USDT"},"glmusdt":{"base_unit":"glm","quote_unit":"usdt","low":"0.361","high":"0.4854","last":"0.4456","type":"SPOT","open":0.47,"volume":"33857.0","sell":"0.4505","buy":"0.4456","at":1620195162,"name":"GLM/USDT"},"sushiusdt":{"base_unit":"sushi","quote_unit":"usdt","low":"12.749","high":"14.237","last":"13.0","type":"SPOT","open":14.021,"volume":"1474.912","sell":"13.128","buy":"13.034","at":1620195162,"name":"SUSHI/USDT"},"firousdt":{"base_unit":"firo","quote_unit":"usdt","low":"10.5","high":"14.0","last":"12.799","type":"SPOT","open":12.3,"volume":"2363.81","sell":"13.006","buy":"12.663","at":1620195162,"name":"FIRO/USDT"},"dexeusdt":{"base_unit":"dexe","quote_unit":"usdt","low":"18.54","high":"19.919","last":"18.923","type":"SPOT","open":19.831,"volume":"493.45","sell":"18.834","buy":"18.55","at":1620195162,"name":"DEXE/USDT"},"grtusdt":{"base_unit":"grt","quote_unit":"usdt","low":"1.45","high":"1.599","last":"1.4954","type":"SPOT","open":1.5546,"volume":"12491.6","sell":"1.5002","buy":"1.4904","at":1620195162,"name":"GRT/USDT"},"bchausdt":{"base_unit":"bcha","quote_unit":"usdt","low":"30.0","high":"34.94","last":"32.42","type":"SPOT","open":34.589,"volume":"381.41","sell":"33.4","buy":"32.756","at":1620195162,"name":"BCHA/USDT"},"bntusdt":{"base_unit":"bnt","quote_unit":"usdt","low":"6.94","high":"7.481","last":"7.1839","type":"SPOT","open":7.2958,"volume":"586.36","sell":"7.3174","buy":"7.2269","at":1620195162,"name":"BNT/USDT"},"rsrusdt":{"base_unit":"rsr","quote_unit":"usdt","low":"0.08038","high":"0.08796","last":"0.08147","type":"SPOT","open":0.08605,"volume":"225346.0","sell":"0.08147","buy":"0.08145","at":1620195162,"name":"RSR/USDT"},"1inchusdt":{"base_unit":"1inch","quote_unit":"usdt","low":"5.2356","high":"5.85","last":"5.4448","type":"SPOT","open":5.5789,"volume":"19365.73","sell":"5.5163","buy":"5.4765","at":1620195162,"name":"1INCH/USDT"},"lunausdt":{"base_unit":"luna","quote_unit":"usdt","low":"16.0153","high":"18.969","last":"17.2806","type":"SPOT","open":16.99,"volume":"6103.32","sell":"17.4059","buy":"17.2806","at":1620195162,"name":"LUNA/USDT"},"uftusdt":{"base_unit":"uft","quote_unit":"usdt","low":"1.6335","high":"1.8655","last":"1.6827","type":"SPOT","open":1.8253,"volume":"45978.88","sell":"1.7389","buy":"1.6846","at":1620195162,"name":"UFT/USDT"},"pundixusdt":{"base_unit":"pundix","quote_unit":"usdt","low":"2.84","high":"3.22","last":"2.9","type":"SPOT","open":3.19,"volume":"13667.77","sell":"2.89","buy":"2.85","at":1620195162,"name":"PUNDIX/USDT"},"ckbusdt":{"base_unit":"ckb","quote_unit":"usdt","low":"0.0225","high":"0.0265","last":"0.024307","type":"SPOT","open":0.026031,"volume":"754700.0","sell":"0.0247","buy":"0.024258","at":1620195162,"name":"CKB/USDT"},"vibusdt":{"base_unit":"vib","quote_unit":"usdt","low":"0.115","high":"0.13425","last":"0.117","type":"SPOT","open":0.12999,"volume":"345510.0","sell":"0.119","buy":"0.11699","at":1620195162,"name":"VIB/USDT"},"gtousdt":{"base_unit":"gto","quote_unit":"usdt","low":"0.07699","high":"0.08639","last":"0.07728","type":"SPOT","open":0.08575,"volume":"422733.2","sell":"0.07861","buy":"0.07734","at":1620195162,"name":"GTO/USDT"},"tkousdt":{"base_unit":"tko","quote_unit":"usdt","low":"0.0","high":"0.0","last":"0.0","type":"SPOT","open":"0.0","volume":"0.0","sell":"0.0","buy":"0.0","at":1620195162,"name":"TKO/USDT"},"pushusdt":{"base_unit":"push","quote_unit":"usdt","low":"3.6","high":"4.54","last":"3.7445","type":"SPOT","open":4.5098,"volume":"14193.81","sell":"3.7999","buy":"3.7512","at":1620195162,"name":"PUSH/USDT"},"cvcusdt":{"base_unit":"cvc","quote_unit":"usdt","low":"0.51","high":"0.5781","last":"0.53145","type":"SPOT","open":0.55484,"volume":"19209.2","sell":"0.54387","buy":"0.53305","at":1620195162,"name":"CVC/USDT"},"cakeusdt":{"base_unit":"cake","quote_unit":"usdt","low":"37.0","high":"40.647","last":"37.736","type":"SPOT","open":40.159,"volume":"4386.216","sell":"37.813","buy":"37.738","at":1620195162,"name":"CAKE/USDT"},"ezusdt":{"base_unit":"ez","quote_unit":"usdt","low":"12.544","high":"14.698","last":"12.63","type":"SPOT","open":14.7,"volume":"8424.46","sell":"12.846","buy":"12.636","at":1620195162,"name":"EZ/USDT"},"ethwrx":{"base_unit":"eth","quote_unit":"wrx","low":"1300.0","high":"1480.0","last":"1379.0","type":"SPOT","open":1320.0,"volume":"111.526","sell":"1379.0","buy":"1378.0","at":1620195162,"name":"ETH/WRX"},"xrpwrx":{"base_unit":"xrp","quote_unit":"wrx","low":"0.574","high":"0.637","last":"0.605","type":"SPOT","open":0.583,"volume":"120917.4","sell":"0.607","buy":"0.605","at":1620195162,"name":"XRP/WRX"},"yfiwrx":{"base_unit":"yfi","quote_unit":"wrx","low":"20508.0","high":"43085.0","last":"21750.0","type":"SPOT","open":20613.0,"volume":"0.445002","sell":"21795.0","buy":"21448.0","at":1620195162,"name":"YFI/WRX"},"bnbwrx":{"base_unit":"bnb","quote_unit":"wrx","low":"251.34","high":"270.0","last":"268.0","type":"SPOT","open":257.0,"volume":"148.326","sell":"268.08","buy":"268.0","at":1620195162,"name":"BNB/WRX"},"trxwrx":{"base_unit":"trx","quote_unit":"wrx","low":"0.0491","high":"0.0529","last":"0.0517","type":"SPOT","open":0.0494,"volume":"1054098.0","sell":"0.052","buy":"0.0518","at":1620195162,"name":"TRX/WRX"},"eoswrx":{"base_unit":"eos","quote_unit":"wrx","low":"2.51","high":"3.09","last":"3.04","type":"SPOT","open":2.52,"volume":"4821.86","sell":"3.11","buy":"3.05","at":1620195163,"name":"EOS/WRX"},"ltcwrx":{"base_unit":"ltc","quote_unit":"wrx","low":"110.6","high":"142.3","last":"140.1","type":"SPOT","open":110.6,"volume":"266.649","sell":"142.4","buy":"140.3","at":1620195163,"name":"LTC/WRX"},"linkwrx":{"base_unit":"link","quote_unit":"wrx","low":"15.75","high":"26.0","last":"20.92","type":"SPOT","open":15.68,"volume":"1595.57","sell":"20.97","buy":"20.94","at":1620195163,"name":"LINK/WRX"},"enjwrx":{"base_unit":"enj","quote_unit":"wrx","low":"0.96","high":"1.059","last":"1.019","type":"SPOT","open":0.986,"volume":"20149.5","sell":"1.016","buy":"1.003","at":1620195163,"name":"ENJ/WRX"},"dogewrx":{"base_unit":"doge","quote_unit":"wrx","low":"0.17022","high":"0.30279","last":"0.30279","type":"SPOT","open":0.17189,"volume":"4448586.0","sell":"0.309","buy":"0.303","at":1620195163,"name":"DOGE/WRX"},"maticwrx":{"base_unit":"matic","quote_unit":"wrx","low":"0.2925","high":"0.3175","last":"0.3054","type":"SPOT","open":0.3052,"volume":"325138.2","sell":"0.306","buy":"0.3054","at":1620195163,"name":"MATIC/WRX"},"adawrx":{"base_unit":"ada","quote_unit":"wrx","low":"0.4876","high":"0.5609","last":"0.5564","type":"SPOT","open":0.5134,"volume":"66300.0","sell":"0.5564","buy":"0.5551","at":1620195163,"name":"ADA/WRX"},"batwrx":{"base_unit":"bat","quote_unit":"wrx","low":"0.477","high":"0.514","last":"0.511","type":"SPOT","open":0.488,"volume":"8731.0","sell":"0.514","buy":"0.509","at":1620195163,"name":"BAT/WRX"}}